window_start,Site,K,NO3,Mg,Na,NH4N
1986-05-20,Q1,0.8166666666666667,113.66666666666667,3.1066666666666665,7.92,NA
1986-07-22,Q1,NA,NA,NA,NA,NA
1986-09-23,Q1,0.656,126.66666666666667,2.69,8.218,25.4
1986-11-25,Q1,0.6744444444444444,154.33333333333334,2.5877777777777777,8.233333333333334,21.75
1987-01-27,Q1,0.7244444444444444,132.22222222222223,2.977777777777778,8.882222222222222,18.4
1987-03-31,Q1,0.8466666666666667,146.44444444444446,2.4299999999999997,7.584444444444444,41.66666666666667
1987-06-02,Q1,0.8077777777777778,157.66666666666666,2.522222222222222,7.957777777777777,73.77777777777777
1987-08-04,Q1,0.77,182.30769230769232,2.1716666666666664,6.423333333333334,44.53846153846154
1987-10-06,Q1,0.737,163.77777777777777,2.349,7.193,16.25
1987-12-08,Q1,0.7873333333333333,162.33333333333334,2.0086666666666666,6.644,24
1988-02-09,Q1,0.90125,206.9375,1.99375,6.566875,20.6875
1988-04-12,Q1,0.8766666666666667,151.7,2.251,7.692222222222222,64.2
1988-06-14,Q1,0.7655555555555555,NA,2.267,7.011,113
1988-08-16,Q1,0.7553846153846154,93.83333333333334,2.046666666666667,6.567692307692308,37.2
1988-10-18,Q1,0.89375,141.77777777777777,2.61875,8.2125,46
1988-12-20,Q1,0.8588888888888889,153,2.502222222222222,7.724444444444444,NA
1989-02-21,Q1,0.8366666666666667,130.88888888888889,2.73,7.711111111111111,NA
1989-04-25,Q1,0.9377777777777778,141,2.997777777777778,8.827777777777778,NA
1989-06-27,Q1,0.9444444444444444,116.625,2.5477777777777777,7.556666666666667,NA
1989-08-29,Q1,1.049090909090909,81.6,2.781,8.488181818181818,NA
1989-10-31,Q1,1.232,324.1,3.237,7.684,NA
1990-01-02,Q1,1.268888888888889,118,3.3233333333333333,7.578888888888889,NA
1990-03-06,Q1,1.4038461538461537,480.6363636363637,2.5215384615384617,6.782307692307692,NA
1990-05-08,Q1,1.238,208.1,3.11,7.396,NA
1990-07-10,Q1,1.0133333333333334,117.44444444444443,3.2533333333333334,8.032222222222222,NA
1990-09-11,Q1,0.9322222222222222,97.83333333333334,2.997777777777778,7.493333333333333,NA
1990-11-13,Q1,1.0736363636363637,132.0909090909091,2.7827272727272727,7.117272727272727,NA
1991-01-15,Q1,0.8144444444444444,87.85714285714286,3.223333333333333,5.348888888888889,NA
1991-03-19,Q1,0.8333333333333334,59.777777777777786,2.9811111111111113,8.15375,NA
1991-05-21,Q1,0.914,54.75,3.0629999999999997,7.39,NA
1991-07-23,Q1,1.012,40.77777777777778,3.801,8.806000000000001,NA
1991-09-24,Q1,1.1225,80.5,2.8266666666666667,7.2725,NA
1991-11-26,Q1,1.1477777777777778,188.375,3.0455555555555556,8.476666666666667,NA
1992-01-28,Q1,1.1520000000000001,151,3.128,8.456,NA
1992-03-31,Q1,1.051111111111111,63.125,3.3244444444444445,8.63,NA
1992-06-02,Q1,1.1566666666666667,58.25,2.8633333333333333,8.02,NA
1992-08-04,Q1,1.1144444444444446,102.66666666666666,3.236666666666667,8.41,NA
1992-10-06,Q1,0.9877777777777778,76.28571428571429,3.002222222222222,7.907777777777778,NA
1992-12-08,Q1,1.0822222222222222,20.5,2.897777777777778,7.818888888888889,NA
1993-02-09,Q1,1.12,125.33333333333333,3.4466666666666668,9.501111111111111,NA
1993-04-13,Q1,1.22,69.11111111111111,3.4755555555555557,9.176666666666668,NA
1993-06-15,Q1,1.018888888888889,39.2,2.9566666666666666,8.45888888888889,NA
1993-08-17,Q1,1.0933333333333333,43.111111111111114,3.281111111111111,8.65,NA
1993-10-19,Q1,1.1277777777777778,12.444444444444445,3.2733333333333334,8.7,NA
1993-12-21,Q1,1.0355555555555556,25.333333333333332,2.8844444444444446,8.418888888888889,NA
1994-02-22,Q1,1.0655555555555556,86.75,3.3433333333333333,8.783333333333333,NA
1994-04-26,Q1,1.1566666666666667,17.444444444444443,3.7,9.815555555555555,NA
1994-06-28,Q1,1.143,94.75,3.505,9.212,NA
1994-08-30,Q1,1.22,NA,3.3455555555555554,8.745555555555555,NA
1994-11-01,Q1,1.0988888888888888,109,3.0444444444444443,8.044444444444444,NA
1995-01-03,Q1,1.235,NA,3.67375,9.475,NA
1995-03-07,Q1,0.9642857142857143,NA,3.182857142857143,8.524285714285714,NA
1995-05-09,Q1,1.3125,NA,3.3425000000000002,8.8625,NA
1995-07-11,Q1,0.9066666666666666,NA,3.27,8.796666666666667,NA
1995-09-12,Q1,NA,NA,NA,NA,NA
1995-11-14,Q1,1.06,NA,2.764,7.708,NA
1996-01-16,Q1,1.0822222222222222,NA,3.1866666666666665,8.877777777777778,NA
1996-03-19,Q1,1.1522222222222223,NA,3.41,9.19,NA
1996-05-21,Q1,1.1422222222222222,NA,3.2244444444444444,8.884444444444444,NA
1996-07-23,Q1,1.208888888888889,47,3.6144444444444446,9.855555555555556,NA
1996-09-24,Q1,1.055,204.33333333333334,2.98875,8.7975,NA
1996-11-26,Q1,1.2714285714285714,218.57142857142858,3.1742857142857144,9.282857142857143,NA
1997-01-28,Q1,1.01,208.77777777777777,2.9033333333333333,8.585555555555555,NA
1997-04-01,Q1,1.1355555555555557,191.71428571428572,3.1577777777777776,10.287777777777778,NA
1997-06-03,Q1,0.9544444444444444,174.375,2.9388888888888887,8.081111111111111,NA
1997-08-05,Q1,0.8622222222222222,118.5,3.0522222222222224,8.52,NA
1997-10-07,Q1,1.07375,119.625,2.5675,8.42125,NA
1997-12-09,Q1,0.7342857142857143,119.42857142857143,2.0275,5.8275,23
1998-02-10,Q1,1.251111111111111,96.11111111111111,2.56,7.4511111111111115,14.833333333333334
1998-04-14,Q1,0.8728571428571429,77.66666666666667,2.2175,6.33125,25
1998-06-16,Q1,1.252857142857143,104.66666666666666,2.8966666666666665,9.091111111111111,23.75
1998-08-18,Q1,1.0613333333333332,160,2.473333333333333,7.561333333333334,8.285714285714286
1998-10-20,Q1,1.1188888888888888,228,2.4522222222222223,8.19,10
1998-12-22,Q1,1.0966666666666667,222.11111111111111,2.8377777777777777,8.507777777777777,13.666666666666668
1999-02-23,Q1,1.0455555555555556,261.8888888888889,3.1533333333333333,9.344444444444445,18.4
1999-04-27,Q1,1.0325,165.66666666666666,2.93,9.2175,9
1999-06-29,Q1,1.028888888888889,169.22222222222223,2.8088888888888888,8.204444444444444,10
1999-08-31,Q1,0.99625,158.55555555555554,2.6755555555555555,7.58375,13.6
1999-11-02,Q1,0.9877777777777778,199.22222222222223,2.756666666666667,8.293333333333333,12.4
2000-01-04,Q1,0.8988888888888888,220.11111111111111,2.9544444444444444,9.348888888888888,7.75
2000-03-07,Q1,0.8733333333333333,215.55555555555554,3.34,9.345555555555556,NA
2000-05-09,Q1,0.8922222222222222,171.55555555555554,2.9611111111111112,8.202222222222222,11
2000-07-11,Q1,0.8344444444444444,176.77777777777777,3.25,8.66,10.8
2000-09-12,Q1,0.9577777777777777,161,2.792222222222222,8.273333333333333,9.4
2000-11-14,Q1,0.9922222222222222,190.22222222222223,3.292222222222222,9.834444444444445,10.166666666666666
2001-01-16,Q1,0.8877777777777778,178.88888888888889,3.2944444444444443,9.576666666666666,9.166666666666666
2001-03-20,Q1,1.0322222222222222,152.66666666666666,3.21,10.084444444444445,7.2
2001-05-22,Q1,0.93,146.22222222222223,3.071111111111111,10.052222222222222,9
2001-07-24,Q1,1.0022222222222221,150.22222222222223,3.3677777777777775,10.248888888888889,8.75
2001-09-25,Q1,1.0633333333333332,190.66666666666666,2.9966666666666666,9.136666666666667,13.5
2001-11-27,Q1,1.0622222222222222,193.33333333333334,3.1122222222222224,9.52,18.714285714285715
2002-01-29,Q1,0.98,193,3.25375,9.39,13
2002-04-02,Q1,1.0166666666666666,134.75,2.727777777777778,8.246666666666666,12.555555555555555
2002-06-04,Q1,0.93,149.22222222222223,3.2544444444444447,9.42,16.77777777777778
2002-08-06,Q1,0.8777777777777778,168,3.3422222222222224,8.873333333333333,15.875
2002-10-08,Q1,0.8788888888888888,148.77777777777777,2.917777777777778,8.141111111111112,17.11111111111111
2002-12-10,Q1,0.8444444444444444,168.22222222222223,2.6455555555555557,7.292222222222223,17
2003-02-11,Q1,0.8644444444444445,156.11111111111111,3.4811111111111113,10.11111111111111,11.777777777777779
2003-04-15,Q1,0.8744444444444445,152.55555555555554,2.6122222222222224,7.467777777777778,13.375
2003-06-17,Q1,0.9688888888888889,163.66666666666666,3.1855555555555557,9.253333333333334,11.285714285714286
2003-08-19,Q1,1.018888888888889,151.66666666666666,2.411111111111111,7.727777777777778,20.5
2003-10-21,Q1,1.02,168,2.901111111111111,8.196666666666667,14.2
2003-12-23,Q1,0.8822222222222222,177.75,2.7600000000000002,8.33,20.428571428571427
2004-02-24,Q1,0.9577777777777778,129.44444444444446,2.9233333333333333,8.656666666666666,8.833333333333334
2004-04-27,Q1,0.9944444444444445,139.11111111111111,2.3955555555555557,8.095555555555556,8
2004-06-29,Q1,1.1022222222222222,124.71428571428571,3.4555555555555557,10.19888888888889,14.4
2004-08-31,Q1,0.9288888888888889,158.28571428571428,2.8233333333333333,8.971111111111112,15
2004-11-02,Q1,1.0566666666666666,105.66666666666666,2.537777777777778,7.968888888888889,15.5
2005-01-04,Q1,0.7988888888888889,175.77777777777777,3.0855555555555556,8.894444444444444,12
2005-03-08,Q1,0.8811111111111111,180.66666666666666,3.278888888888889,9.126666666666667,19.333333333333332
2005-05-10,Q1,1.041111111111111,123.66666666666667,2.7311111111111113,7.981111111111111,14.5
2005-07-12,Q1,0.7844444444444445,141.375,3.0944444444444446,8.325555555555555,10
2005-09-13,Q1,0.8633333333333333,149.77777777777777,2.756666666666667,7.564444444444445,12.75
2005-11-15,Q1,0.79,156.44444444444446,2.9844444444444442,8.285555555555556,7.666666666666667
2006-01-17,Q1,0.8144444444444444,166.22222222222223,2.8644444444444446,7.923333333333334,6.5
2006-03-21,Q1,0.8355555555555555,151.22222222222223,3.151111111111111,8.325555555555555,NA
2006-05-23,Q1,0.8233333333333334,170.75,2.838888888888889,7.747777777777777,15.5
2006-07-25,Q1,0.9044444444444445,155.375,3.2577777777777777,8.813333333333333,9.333333333333334
2006-09-26,Q1,0.9322222222222223,136.11111111111111,2.87,8.047777777777778,7
2006-11-28,Q1,0.9011111111111111,177.44444444444446,3.1133333333333333,8.566666666666666,6.5
2007-01-30,Q1,0.8922222222222222,154,3.4644444444444447,8.93,8.666666666666666
2007-04-03,Q1,0.85,113.77777777777777,3.013333333333333,7.8677777777777775,7.125
2007-06-05,Q1,0.8744444444444445,147.33333333333334,3.51,8.893333333333333,9.333333333333334
2007-08-07,Q1,0.8588888888888889,129.55555555555554,3.198888888888889,8.057777777777778,12.285714285714286
2007-10-09,Q1,0.8544444444444445,180.55555555555554,3.152222222222222,8.083333333333334,9.4
2007-12-11,Q1,0.8775000000000001,132.625,3.07,7.7875,8.75
2008-02-12,Q1,0.8788888888888889,159,3.5977777777777775,9.137777777777778,28
2008-04-15,Q1,0.9055555555555556,136.77777777777777,3.4322222222222223,8.555555555555555,NA
2008-06-17,Q1,0.77,149.875,3.555,8.485,14.5
2008-08-19,Q1,0.8522222222222222,146.33333333333334,3.2777777777777777,7.7411111111111115,10.4
2008-10-21,Q1,0.7266666666666667,159.5,3.5122222222222224,8.57,8
2008-12-23,Q1,0.8555555555555555,161.11111111111111,3.531111111111111,8.474444444444444,15
2009-02-24,Q1,0.9,165,3.8175,9.04375,NA
2009-04-28,Q1,0.9877777777777778,141.11111111111111,3.0844444444444443,8.252222222222223,6.333333333333333
2009-06-30,Q1,0.9588888888888889,133,3.212222222222222,8.598888888888888,8.714285714285714
2009-09-01,Q1,0.9550000000000001,108.875,3.1075,8.38125,15
2009-11-03,Q1,0.8833333333333333,108.22222222222223,2.741111111111111,7.434444444444444,13.4
2010-01-05,Q1,0.79,142.22222222222223,2.8788888888888886,8.207777777777778,20.5
2010-03-09,Q1,0.8811111111111111,113.22222222222223,2.148888888888889,6.553333333333334,24
2010-05-11,Q1,0.8425,123.5,2.6725,7.79,13.571428571428571
2010-07-13,Q1,1.02,143,2.70125,6.9575,20.75
2010-09-14,Q1,0.9977777777777778,171.11111111111111,3.1533333333333333,8.322222222222223,7.75
2010-11-16,Q1,1.0911111111111111,151.375,2.9188888888888886,8.142222222222221,13.666666666666666
2011-01-18,Q1,0.8422222222222222,143.42857142857142,3.1888888888888887,8.786666666666667,5
2011-03-22,Q1,0.83,93.16666666666667,2.9833333333333334,8.141111111111112,12
2011-05-24,Q1,0.8655555555555555,140.66666666666666,2.6044444444444443,7.1866666666666665,7
2011-07-26,Q1,0.9071428571428571,98.83333333333333,2.54,7.411428571428571,124
2011-09-27,Q1,0.8788888888888889,132.75,3.0522222222222224,8.790000000000001,9.4
2011-11-29,Q1,0.8477777777777777,147.375,2.8944444444444444,8.97111111111111,8.5
2012-01-31,Q1,0.8233333333333334,115.83333333333333,3.2055555555555557,8.821111111111112,NA
2012-04-03,Q1,0.85,93.33333333333333,2.8722222222222222,8.126666666666667,NA
2012-06-05,Q1,0.78375,97,2.83875,8.64,33
2012-08-07,Q1,0.7377777777777778,80.83333333333333,2.988888888888889,8.751111111111111,8
2012-10-09,Q1,0.87,57,2.77,7.796666666666667,10
2012-12-11,Q1,0.9066666666666667,115,3.091111111111111,8.848888888888888,16.333333333333332
2013-02-12,Q1,0.8322222222222222,105.375,2.6766666666666667,8.283333333333333,22
2013-04-16,Q1,0.8522222222222222,42.333333333333336,2.772222222222222,7.378888888888889,NA
2013-06-18,Q1,0.6985714285714286,60.666666666666664,2.35,7.14375,13.666666666666666
2013-08-20,Q1,0.6742857142857143,50,3.047142857142857,8.077142857142857,18.333333333333332
2013-10-22,Q1,0.8688888888888888,136.5,2.7311111111111113,7.801111111111111,20.833333333333332
2013-12-24,Q1,0.8933333333333333,135,3.013333333333333,7.756666666666667,19
2014-02-25,Q1,0.75375,136,2.91,8.040000000000001,12.2
2014-04-29,Q1,0.9055555555555556,121,3.4266666666666667,8.234444444444444,8
2014-07-01,Q1,0.895,132.25,3.405,8.55625,9.333333333333334
2014-09-02,Q1,0.9466666666666667,131.66666666666666,3.562222222222222,8.635555555555555,17.8
2014-11-04,Q1,0.833,89.83333333333333,2.779,7.281,15
2015-01-06,Q1,0.8987499999999999,117.6,3.22375,8.205,12.25
2015-03-10,Q1,0.9911111111111112,127.25,3.6844444444444444,8.874444444444444,11
2015-05-12,Q1,1.0875000000000001,118,3.9025,9.51875,10
2015-07-14,Q1,0.8166666666666667,122.75,3.3266666666666667,9.063333333333333,13
2015-09-15,Q1,0.8322222222222222,162.33333333333334,3.18,7.978888888888889,12.4
2015-11-17,Q1,0.8677777777777778,115.85714285714286,3.2444444444444445,8.405555555555555,6
2016-01-19,Q1,0.885,90,2.995,8.03375,5
2016-03-22,Q1,1.038888888888889,107.66666666666667,3.3622222222222224,8.615555555555556,14.333333333333334
2016-05-24,Q1,0.9244444444444444,101.55555555555556,2.9766666666666666,8.473333333333333,9.25
2016-07-26,Q1,0.9311111111111111,95.625,2.9044444444444446,8.074444444444445,6.666666666666667
2016-09-27,Q1,0.9388888888888889,121.44444444444444,3.022222222222222,8.785555555555556,NA
2016-11-29,Q1,0.9388888888888889,133.44444444444446,2.6055555555555556,7.851111111111111,6.666666666666667
2017-01-31,Q1,0.9766666666666667,117.11111111111111,2.94,9.022222222222222,67.5
2017-04-04,Q1,0.99,109.16666666666667,2.7644444444444445,8.122222222222222,8
2017-06-06,Q1,0.9177777777777778,110.44444444444444,3.307777777777778,8.731111111111112,28
2017-08-08,Q1,0.985,120.75,3.0375,8.0025,6
2017-10-10,Q1,1.254,68.8,2.566,7.6739999999999995,8
2017-12-12,Q1,1.2255555555555555,164.625,2.8266666666666667,8.681111111111111,20
2018-02-13,Q1,0.9400000000000001,88,2.5766666666666667,7.656666666666666,8
2018-04-17,Q1,1.0077777777777779,57,2.8111111111111113,7.94,11.75
2018-06-19,Q1,0.9933333333333333,81,3.04,8.846666666666668,10
2018-08-21,Q1,1.064,72,2.906,7.768,6
2018-10-23,Q1,0.96,82.16666666666667,2.802857142857143,8.185714285714285,7
2018-12-25,Q1,0.90625,57.4,3.335,8.575,6
2019-02-26,Q1,0.9144444444444444,92.5,3.341111111111111,8.641111111111112,12
2019-04-30,Q1,0.8966666666666666,63.714285714285715,3.1688888888888886,8.1466666666666665,NA
2019-07-02,Q1,0.8655555555555555,78.5,2.958888888888889,8.053333333333333,7.333333333333333
2019-09-03,Q1,0.9033333333333333,105.6,3.11,8.448888888888888,5.6
2019-11-05,Q1,0.9933333333333333,114.625,2.7622222222222224,7.998888888888889,8
2020-01-07,Q1,0.8866666666666667,128,2.641111111111111,8.15,14
2020-03-10,Q1,1.03,129,3.435,7.8149999999999995,NA
2020-05-12,Q1,0.92,67,1.82,5.86,18
2020-07-14,Q1,0.9185714285714286,108.57142857142857,2.9485714285714284,8.502857142857144,8.75
2020-09-15,Q1,0.95,136.75,2.785,7.9325,9.166666666666666
2020-11-17,Q1,1.0150000000000001,145.33333333333334,3.175,8.781666666666666,10.285714285714286
1986-05-20,Q2,0.79,208.66666666666666,3.0033333333333334,7.053333333333334,NA
1986-07-22,Q2,NA,NA,NA,NA,NA
1986-09-23,Q2,0.716,206.6,2.43,7.03,22.6
1986-11-25,Q2,0.6922222222222223,268.1111111111111,2.5211111111111113,7.397777777777778,17.25
1987-01-27,Q2,0.76,219.625,2.658888888888889,7.645555555555555,14
1987-03-31,Q2,0.9455555555555556,259.85714285714283,2.29,6.592222222222222,39
1987-06-02,Q2,0.8188888888888889,232.77777777777777,2.49,7.271111111111111,70.66666666666667
1987-08-04,Q2,0.8530769230769231,231.3846153846154,2.037692307692308,5.943846153846154,32.84615384615385
1987-10-06,Q2,0.856,191,2.0949999999999998,6.24,12.1
1987-12-08,Q2,0.8668421052631579,253.86666666666667,2.04,6.098947368421053,18.36842105263158
1988-02-09,Q2,0.7775,185,2.34625,7.05375,18.857142857142858
1988-04-12,Q2,0.807,216.7,2.187,6.7620000000000005,57.55555555555556
1988-06-14,Q2,0.7545454545454545,NA,2.2381818181818183,6.47,67.5
1988-08-16,Q2,0.7761538461538462,184.72727272727272,2.0591666666666666,6.145384615384615,26.25
1988-10-18,Q2,0.8475,224.125,2.38125,7.1225,61
1988-12-20,Q2,0.9077777777777778,219.11111111111111,2.4833333333333334,7.0488888888888885,NA
1989-02-21,Q2,0.8377777777777777,224.9,2.7688888888888887,6.614444444444445,NA
1989-04-25,Q2,0.9366666666666666,174,2.6755555555555555,7.295555555555556,NA
1989-06-27,Q2,1.0044444444444445,176,2.3566666666666665,6.7844444444444445,NA
1989-08-29,Q2,1.1718181818181819,137.42857142857142,2.789,7.584545454545455,NA
1989-10-31,Q2,1.339,424.3,3.138,7.082,NA
1990-01-02,Q2,1.3822222222222222,194.75,3.12,6.657777777777778,NA
1990-03-06,Q2,1.393076923076923,460.9090909090909,2.46,6.126153846153846,NA
1990-05-08,Q2,1.262,301.5,3.079,6.727,NA
1990-07-10,Q2,0.9955555555555555,177.44444444444446,3.2844444444444445,7.131111111111111,NA
1990-09-11,Q2,0.8822222222222222,101,2.76,6.316666666666666,NA
1990-11-13,Q2,1.0463636363636364,211.45454545454547,2.9263636363636363,6.516363636363637,NA
1991-01-15,Q2,0.8288888888888889,124.71428571428571,3.0255555555555556,4.801111111111111,NA
1991-03-19,Q2,0.8922222222222222,77.44444444444443,2.92,7.04,NA
1991-05-21,Q2,1.078,85.125,3.005,6.627,NA
1991-07-23,Q2,1.271,60.2,3.157,7.84,NA
1991-09-24,Q2,1.2816666666666667,170.83333333333331,2.6133333333333333,6.81,NA
1991-11-26,Q2,1.198888888888889,296.1111111111111,3.051111111111111,7.698888888888889,NA
1992-01-28,Q2,1.284,191.11111111111111,2.969,7.449,NA
1992-03-31,Q2,1.1555555555555557,135.125,2.8533333333333335,7.585555555555556,NA
1992-06-02,Q2,1.26,58,2.9877777777777776,7.652222222222222,NA
1992-08-04,Q2,1.2733333333333332,79.66666666666667,3.04,7.551111111111111,NA
1992-10-06,Q2,1.1822222222222223,47.75,2.738888888888889,6.816666666666666,NA
1992-12-08,Q2,1.2344444444444445,172,3.0322222222222224,7.587777777777777,NA
1993-02-09,Q2,1.38,145.5,3.3477777777777775,8.633333333333333,NA
1993-04-13,Q2,1.3155555555555556,89.75,2.8722222222222222,7.283333333333333,NA
1993-06-15,Q2,1.49,95.4,3.163333333333333,8.495555555555555,NA
1993-08-17,Q2,1.2966666666666666,61.625,2.8777777777777778,7.708888888888889,NA
1993-10-19,Q2,1.3855555555555557,41.22222222222222,2.966666666666667,7.743333333333333,NA
1993-12-21,Q2,1.3711111111111112,12.5,2.694444444444444,7.523333333333333,NA
1994-02-22,Q2,1.3444444444444446,37.5,2.9522222222222223,7.588888888888889,NA
1994-04-26,Q2,1.3925,22.25,3.24125,7.95,NA
1994-06-28,Q2,1.1633333333333333,145.5,2.4833333333333334,6.298333333333334,NA
1994-08-30,Q2,1.32,NA,1.975,5.105,NA
1994-11-01,Q2,1.25375,NA,2.48875,6.7437499999999995,NA
1995-01-03,Q2,1.15625,NA,2.9475,7.6675,NA
1995-03-07,Q2,1.1066666666666667,NA,3.0083333333333333,7.716666666666667,NA
1995-05-09,Q2,1.134,NA,2.846,7.552,NA
1995-07-11,Q2,1.055,NA,2.935,7.97,NA
1995-09-12,Q2,NA,NA,NA,NA,NA
1995-11-14,Q2,1.4224999999999999,NA,3.54,7.843333333333334,NA
1996-01-16,Q2,1.26125,NA,3.1825,8.175,NA
1996-03-19,Q2,1.123,NA,2.888,7.348,NA
1996-05-21,Q2,1.3544444444444443,NA,2.8966666666666665,7.801111111111111,NA
1996-07-23,Q2,1.22,321,3.118888888888889,8.064444444444444,NA
1996-09-24,Q2,1.135,262.8,2.96125,7.945,NA
1996-11-26,Q2,1.19625,314.25,2.99,8.1525,NA
1997-01-28,Q2,1.0477777777777777,299.1111111111111,2.982222222222222,8.283333333333333,NA
1997-04-01,Q2,1.09125,158.875,2.80625,8.88125,NA
1997-06-03,Q2,0.9755555555555555,131.5,2.7111111111111112,7.6066666666666665,NA
1997-08-05,Q2,0.9966666666666667,104.88888888888889,2.6822222222222223,8.377777777777778,NA
1997-10-07,Q2,0.89625,137.375,2.30375,6.87375,NA
1997-12-09,Q2,0.8242857142857143,123.85714285714286,1.9633333333333334,6.855714285714286,22.8
1998-02-10,Q2,1.3077777777777777,112,2.49,7.42,11.333333333333334
1998-04-14,Q2,1.1011111111111112,100.75,2.4322222222222223,7.3822222222222225,18.166666666666668
1998-06-16,Q2,0.8557142857142858,107,2.5,6.811428571428571,8
1998-08-18,Q2,1.1713333333333333,176.85714285714286,2.51,7.515714285714286,9.333333333333334
1998-10-20,Q2,1.2144444444444444,352.55555555555554,2.577777777777778,7.613333333333333,NA
1998-12-22,Q2,1.0977777777777777,341,3.192222222222222,7.597777777777778,25.6
1999-02-23,Q2,1.1655555555555557,279.3333333333333,3.2044444444444444,8.45,5.5
1999-04-27,Q2,1.2077777777777778,200.33333333333334,2.901111111111111,7.68,6
1999-06-29,Q2,1.0222222222222221,136.66666666666666,2.3844444444444446,6.975555555555555,8
1999-08-31,Q2,0.9766666666666667,209,2.5011111111111113,6.964444444444444,11
1999-11-02,Q2,0.8875,269.6,2.8066666666666666,7.604444444444445,NA
2000-01-04,Q2,0.8355555555555556,216.55555555555554,2.8233333333333333,7.8500000000000005,11.25
2000-03-07,Q2,1,225.8,3.32,8.878,9
2000-05-09,Q2,0.89,75.66666666666667,2.006666666666667,5.656666666666666,6
2000-07-11,Q2,0.9375,126,2.5149999999999997,6.835,12.5
2000-09-12,Q2,0.9066666666666667,130.11111111111111,2.422222222222222,6.915555555555556,20
2000-11-14,Q2,0.9866666666666667,170,2.8033333333333332,7.838888888888889,13.75
2001-01-16,Q2,0.95,195.2,3.146,8.058,8.25
2001-03-20,Q2,0.9750000000000001,66.25,2.0324999999999998,6.5725,10
2001-05-22,Q2,1.08,114.375,2.855,8.945,7.75
2001-07-24,Q2,1.0271428571428571,107.71428571428571,2.8328571428571427,8.35142857142857,5
2001-09-25,Q2,1.08625,154,2.66875,8.02,13.5
2001-11-27,Q2,0.9966666666666667,220.22222222222223,2.8133333333333335,8.046666666666667,9.333333333333334
2002-01-29,Q2,0.9855555555555555,198.11111111111111,3.1066666666666665,8.52111111111111,7.8
2002-04-02,Q2,1.047777777777778,122,2.5188888888888887,7.364444444444445,7.428571428571429
2002-06-04,Q2,0.9555555555555556,138.33333333333334,2.922222222222222,8.06,8.333333333333334
2002-08-06,Q2,0.994,125.4,2.622,6.976,12.5
2002-10-08,Q2,0.91,119.44444444444444,2.6222222222222222,7.114444444444445,11
2002-12-10,Q2,0.8911111111111111,152.66666666666666,2.5733333333333333,6.846666666666667,10.88888888888889
2003-02-11,Q2,0.9666666666666667,139.88888888888889,3.0477777777777777,8.175555555555556,10.5
2003-04-15,Q2,1.16,173.77777777777777,2.42,6.561111111111111,10
2003-06-17,Q2,1.1133333333333333,169,2.723333333333333,7.683333333333334,7.857142857142857
2003-08-19,Q2,1.021111111111111,158,2.2755555555555556,6.954444444444444,16.666666666666668
2003-10-21,Q2,1.0466666666666666,183.33333333333334,2.53,7.05,9.25
2003-12-23,Q2,0.9655555555555556,160.33333333333334,2.5166666666666666,7.157777777777778,11
2004-02-24,Q2,1.0577777777777777,154.55555555555554,2.6055555555555556,7.547777777777778,12.8
2004-04-27,Q2,1.018888888888889,173.33333333333334,2.3266666666666667,7.359999999999999,15
2004-06-29,Q2,1.3466666666666667,99.88888888888889,3.3955555555555557,9.988888888888889,11.5
2004-08-31,Q2,1.03,149.42857142857142,2.598888888888889,8.403333333333332,9.5
2004-11-02,Q2,0.9266666666666666,113.44444444444444,2.4444444444444446,6.876666666666667,12
2005-01-04,Q2,0.7811111111111111,152,2.8622222222222224,7.754444444444444,6
2005-03-08,Q2,0.8688888888888889,145.11111111111111,2.891111111111111,7.5922222222222215,9.333333333333334
2005-05-10,Q2,0.9288888888888889,110.25,2.551111111111111,7.007777777777778,15
2005-07-12,Q2,0.75,101.5,2.608888888888889,6.923333333333334,8
2005-09-13,Q2,0.8177777777777778,126.33333333333333,2.517777777777778,6.5744444444444445,12
2005-11-15,Q2,0.7533333333333333,136.77777777777777,2.796666666666667,7.265555555555555,8
2006-01-17,Q2,0.7966666666666666,123.77777777777777,2.678888888888889,7.095555555555555,9
2006-03-21,Q2,0.8377777777777778,106.55555555555556,2.7888888888888888,7.08,NA
2006-05-23,Q2,0.875,145.11111111111111,2.6133333333333333,6.908888888888889,NA
2006-07-25,Q2,0.8577777777777778,139.83333333333334,2.922222222222222,7.635555555555555,6.5
2006-09-26,Q2,0.8788888888888889,100.22222222222223,2.5322222222222224,6.898888888888889,25.5
2006-11-28,Q2,0.8666666666666667,130.55555555555554,2.8344444444444443,7.417777777777778,8.5
2007-01-30,Q2,0.8911111111111111,130,3.1355555555555554,7.7,11.666666666666666
2007-04-03,Q2,0.8477777777777777,99.71428571428572,2.647777777777778,6.791111111111111,5.75
2007-06-05,Q2,0.89,118.22222222222223,2.908888888888889,7.238888888888889,6
2007-08-07,Q2,0.8411111111111111,92.77777777777777,2.756666666666667,6.598888888888889,12.333333333333334
2007-10-09,Q2,0.8077777777777778,154.66666666666666,2.641111111111111,6.648888888888889,6.2
2007-12-11,Q2,0.8875,118.5,2.995,7.2375,7
2008-02-12,Q2,0.8666666666666667,108.11111111111111,3.148888888888889,7.801111111111111,9.166666666666666
2008-04-15,Q2,0.9177777777777778,92.55555555555556,2.9444444444444446,7.352222222222222,NA
2008-06-17,Q2,0.8975,119.25,3.2975000000000003,7.35375,12.5
2008-08-19,Q2,0.8377777777777777,111.88888888888889,2.898888888888889,6.743333333333333,13
2008-10-21,Q2,0.7355555555555555,128.22222222222223,3.37,7.648888888888889,8
2008-12-23,Q2,0.8355555555555555,121,3.1566666666666667,7.492222222222222,9.75
2009-02-24,Q2,0.9222222222222222,134.66666666666666,3.3066666666666666,7.735555555555556,13
2009-04-28,Q2,0.9711111111111111,100.66666666666667,2.8022222222222224,7.141111111111111,9
2009-06-30,Q2,0.9544444444444444,108.22222222222223,2.993333333333333,7.7444444444444445,13.333333333333334
2009-09-01,Q2,0.9355555555555556,86,2.8533333333333335,7.37,7
2009-11-03,Q2,0.9355555555555556,106.75,2.8655555555555554,7.206666666666667,9
2010-01-05,Q2,0.8266666666666667,118.33333333333333,2.9122222222222223,7.604444444444445,21
2010-03-09,Q2,0.7422222222222222,95.66666666666667,2.8966666666666665,7.3566666666666665,18.25
2010-05-11,Q2,0.8088888888888889,110.33333333333333,2.668888888888889,7.308888888888889,6.333333333333333
2010-07-13,Q2,0.84625,114,2.53375,6.6125,12.4
2010-09-14,Q2,1.1275,169.11111111111111,2.70125,6.695,7.75
2010-11-16,Q2,1.1300000000000001,107.125,2.9144444444444444,7.506666666666667,10.666666666666666
2011-01-18,Q2,0.7266666666666667,114,2.98,7.668888888888889,19
2011-03-22,Q2,0.7224999999999999,85,2.13,5.92,NA
2011-05-24,Q2,0.8233333333333334,89.125,2.5166666666666666,6.6322222222222225,NA
2011-07-26,Q2,0.77875,75.5,2.32625,6.6,12
2011-09-27,Q2,0.8266666666666667,118.33333333333333,2.9133333333333336,7.7877777777777775,9.333333333333334
2011-11-29,Q2,0.7944444444444444,134.88888888888889,2.838888888888889,7.725555555555555,25.333333333333332
2012-01-31,Q2,0.8322222222222222,88.42857142857143,2.973333333333333,7.6755555555555555,NA
2012-04-03,Q2,0.8133333333333334,66.5,2.8111111111111113,7.345555555555555,NA
2012-06-05,Q2,0.7644444444444445,117.42857142857143,2.7177777777777776,7.47,14.5
2012-08-07,Q2,0.7911111111111111,112.75,2.778888888888889,7.473333333333334,9
2012-10-09,Q2,0.86,81,2.401111111111111,6.605555555555555,7
2012-12-11,Q2,0.86,135.16666666666666,2.9033333333333333,7.5633333333333335,17
2013-02-12,Q2,0.8833333333333333,84.5,2.6266666666666665,7.226666666666667,24
2013-04-16,Q2,0.8366666666666667,59.83333333333333,2.6144444444444446,6.242222222222222,14
2013-06-18,Q2,0.65875,66.75,2.8175,6.4775,5.5
2013-08-20,Q2,0.6585714285714286,61.33333333333333,2.7314285714285713,6.8742857142857146,8.5
2013-10-22,Q2,0.8744444444444445,113.125,2.57,6.807777777777778,11.25
2013-12-24,Q2,0.8888888888888888,138.57142857142858,2.867777777777778,6.866666666666667,15.333333333333332
2014-02-25,Q2,0.9355555555555556,128.5,3.5077777777777777,7.9,6.666666666666667
2014-04-29,Q2,1.10875,115.5,3.065,7.4875,9
2014-07-01,Q2,0.9833333333333334,106,3.1,7.283333333333333,10.5
2014-09-02,Q2,0.9788888888888889,129.66666666666666,3.0933333333333333,7.243333333333333,6.25
2014-11-04,Q2,0.8089999999999999,73.16666666666667,2.809,6.552,6.5
2015-01-06,Q2,0.9025,108.5,3.04375,7.09375,12
2015-03-10,Q2,1.04,156,3.477777777777778,7.706666666666667,10.5
2015-05-12,Q2,1.2349999999999999,172,4.26,8.59,NA
2015-07-14,Q2,NA,NA,NA,NA,NA
2015-09-15,Q2,0.845,200,1.855,4.9,11.5
2015-11-17,Q2,0.8333333333333334,141.14285714285714,2.272222222222222,6.391111111111111,6.25
2016-01-19,Q2,0.8266666666666667,147.75,2.2583333333333333,6.47,7
2016-03-22,Q2,0.9522222222222222,112.83333333333333,2.7855555555555553,7.217777777777778,12.5
2016-05-24,Q2,0.9011111111111111,135.75,2.8244444444444445,7.2588888888888885,12.25
2016-07-26,Q2,0.9655555555555556,109.125,2.5644444444444443,6.8277777777777775,6
2016-09-27,Q2,0.9588888888888889,149,2.8633333333333333,7.538888888888889,NA
2016-11-29,Q2,0.9155555555555556,138.77777777777777,2.5566666666666666,6.976666666666667,8
2017-01-31,Q2,1.0344444444444445,137.55555555555554,2.828888888888889,7.62,14
2017-04-04,Q2,0.9877777777777778,126.57142857142857,2.4877777777777776,7.171111111111111,12
2017-06-06,Q2,0.9666666666666667,114.33333333333333,2.7022222222222223,7.088888888888889,8
2017-08-08,Q2,1.1025,142.25,2.8575,7.105,NA
2017-10-10,Q2,1.39,269.5,2.7616666666666667,7.86,NA
2017-12-12,Q2,1.3,205.85714285714286,2.84125,7.74875,7
2018-02-13,Q2,1.1144444444444443,141.28571428571428,2.7955555555555556,7.693333333333333,NA
2018-04-17,Q2,1.0922222222222222,76.75,2.771111111111111,7.3244444444444445,9.666666666666666
2018-06-19,Q2,1.03375,70.25,2.8875,7.485,11.8
2018-08-21,Q2,1.0433333333333334,84.5,2.675,6.78,7
2018-10-23,Q2,0.9871428571428571,142.42857142857142,2.82,7.26,7.5
2018-12-25,Q2,1.0571428571428572,85.2,3.032857142857143,7.362857142857143,10
2019-02-26,Q2,1.1377777777777778,164.14285714285714,3.046666666666667,7.238888888888889,6.5
2019-04-30,Q2,1.12,109,2.832222222222222,6.916666666666667,NA
2019-07-02,Q2,1.1077777777777778,104.28571428571429,2.6888888888888887,6.873333333333333,8
2019-09-03,Q2,1.0222222222222221,193.5,2.758888888888889,7.0633333333333335,NA
2019-11-05,Q2,1.2155555555555555,239.625,2.75,7.16,7.6
2020-01-07,Q2,1.1144444444444443,276.1111111111111,2.6944444444444446,7.238888888888889,9.666666666666666
2020-03-10,Q2,1.22,251.5,3.205,6.865,7
2020-05-12,Q2,1.35,133,1.85,5.37,29
2020-07-14,Q2,1.1028571428571428,144.14285714285714,2.6357142857142857,7.095714285714286,8.4
2020-09-15,Q2,1.125,221,2.91875,6.992857142857143,8.5
2020-11-17,Q2,1.0971428571428572,256.14285714285717,3.0957142857142856,7.677142857142857,10
1986-05-20,Q3,0.7033333333333333,119.66666666666667,3.4333333333333336,7.236666666666667,NA
1986-07-22,Q3,NA,NA,NA,NA,NA
1986-09-23,Q3,0.566,161.5,2.606,6.92,24.6
1986-11-25,Q3,0.56,197.88888888888889,2.738888888888889,7.414444444444444,17
1987-01-27,Q3,0.6222222222222222,193.77777777777777,3.0477777777777777,7.87,14.571428571428571
1987-03-31,Q3,0.6922222222222222,182.11111111111111,2.4544444444444444,6.877777777777777,46
1987-06-02,Q3,0.6666666666666666,175.22222222222223,2.4044444444444446,7.134444444444444,80.88888888888889
1987-08-04,Q3,0.7055555555555555,240.375,2.948888888888889,7.512222222222222,19.75
1987-10-06,Q3,0.577,209.7,2.106,5.828888888888889,11.714285714285714
1987-12-08,Q3,0.7106666666666667,162.5,2.306,6.440666666666667,30.823529411764703
1988-02-09,Q3,0.5833333333333334,194.77777777777777,2.7488888888888887,7.235555555555556,22.444444444444443
1988-04-12,Q3,0.658,198.6,2.3890000000000002,6.892,46.2
1988-06-14,Q3,0.677,NA,2.584,6.834,28
1988-08-16,Q3,0.5984615384615385,140.85714285714286,2.1923076923076925,6.124615384615384,42.2
1988-10-18,Q3,0.7075,184,2.6574999999999998,7.16,57
1988-12-20,Q3,0.7922222222222223,188.88888888888889,2.761111111111111,7.205555555555556,NA
1989-02-21,Q3,0.6988888888888889,158.22222222222223,2.716666666666667,6.722222222222222,NA
1989-04-25,Q3,0.7544444444444445,145.22222222222223,2.9,7.397777777777778,NA
1989-06-27,Q3,0.8044444444444444,111.22222222222223,2.626666666666667,6.1466666666666665,NA
1989-08-29,Q3,1.031,176.5,2.676,7.799090909090909,NA
1989-10-31,Q3,1.489,424.5,3.586,7.663,NA
1990-01-02,Q3,1.4577777777777778,262.375,3.61,7.384444444444444,NA
1990-03-06,Q3,1.406153846153846,380.25,2.644615384615385,6.496923076923077,NA
1990-05-08,Q3,1.304,308,3.278,6.988888888888889,NA
1990-07-10,Q3,1.0666666666666667,187.375,3.4144444444444444,7.527777777777778,NA
1990-09-11,Q3,0.9577777777777777,114.55555555555556,3.2544444444444447,6.706666666666667,NA
1990-11-13,Q3,0.9927272727272728,197.5,2.8363636363636364,6.776363636363636,NA
1991-01-15,Q3,0.7888888888888889,154.28571428571428,3.8155555555555556,4.9622222222222225,NA
1991-03-19,Q3,0.8233333333333334,82.125,3.187777777777778,7.352222222222222,NA
1991-05-21,Q3,0.929,87.25,3.391,6.994,NA
1991-07-23,Q3,0.98,107.1,3.269,7.246,NA
1991-09-24,Q3,0.8916666666666667,147.91666666666666,3.0091666666666668,6.979166666666667,NA
1991-11-26,Q3,0.9144444444444445,216.77777777777777,3.0955555555555554,7.616666666666667,NA
1992-01-28,Q3,1.159,167.11111111111111,3.3930000000000002,8.205,NA
1992-03-31,Q3,0.9644444444444444,80,3.088888888888889,8.38888888888889,NA
1992-06-02,Q3,0.9077777777777778,74.11111111111111,2.8355555555555556,7.142222222222222,NA
1992-08-04,Q3,1.1233333333333333,49.66666666666667,2.918888888888889,7.601111111111111,NA
1992-10-06,Q3,0.9655555555555556,51.111111111111114,3.2311111111111113,7.67,NA
1992-12-08,Q3,0.9722222222222222,22,3.358888888888889,8.062222222222221,NA
1993-02-09,Q3,0.8233333333333334,129.5,3.256666666666667,7.928888888888888,NA
1993-04-13,Q3,0.8624999999999999,119.75,3.265,7.3225,NA
1993-06-15,Q3,0.8088888888888889,65.4,2.891111111111111,7.761111111111111,NA
1993-08-17,Q3,0.8633333333333334,94.75,3.39625,7.897777777777778,NA
1993-10-19,Q3,0.8366666666666667,22.25,3.013333333333333,7.481111111111111,NA
1993-12-21,Q3,0.8077777777777778,16,2.6155555555555554,7.3933333333333335,NA
1994-02-22,Q3,0.9011111111111111,55.66666666666667,3.312222222222222,7.796666666666667,NA
1994-04-26,Q3,0.8555555555555555,17.11111111111111,3.5833333333333335,8.175555555555556,NA
1994-06-28,Q3,0.888,97.75,3.54,8.237,NA
1994-08-30,Q3,0.8577777777777778,NA,3.3277777777777775,7.776666666666667,NA
1994-11-01,Q3,0.8477777777777777,NA,3.082222222222222,7.3822222222222225,NA
1995-01-03,Q3,0.9033333333333333,NA,3.5677777777777777,8.1033333333333335,NA
1995-03-07,Q3,0.7542857142857143,NA,3.3257142857142856,7.884285714285714,NA
1995-05-09,Q3,0.716,NA,3.104,7.53,NA
1995-07-11,Q3,0.76,NA,3.2,7.5649999999999995,NA
1995-09-12,Q3,NA,NA,NA,NA,NA
1995-11-14,Q3,0.908,NA,3.312,7.91,NA
1996-01-16,Q3,1.0255555555555556,NA,3.9388888888888887,9.7,NA
1996-03-19,Q3,0.8525,NA,3.3537500000000002,7.75,NA
1996-05-21,Q3,0.9277777777777778,NA,3.4277777777777776,8.262222222222222,NA
1996-07-23,Q3,0.9922222222222222,116,3.47,8.508888888888889,NA
1996-09-24,Q3,0.9822222222222222,230.33333333333334,2.9744444444444444,7.597777777777778,NA
1996-11-26,Q3,0.9257142857142857,209.85714285714286,3.255714285714286,8.72,NA
1997-01-28,Q3,0.80375,222.125,3.198888888888889,7.61,NA
1997-04-01,Q3,1.0355555555555556,189.28571428571428,3.267777777777778,10.07,NA
1997-06-03,Q3,0.71,161.66666666666666,2.6222222222222222,6.565555555555556,NA
1997-08-05,Q3,1.0611111111111111,149,3.158888888888889,7.932222222222222,NA
1997-10-07,Q3,0.8775,94.85714285714286,1.9566666666666666,7.532500000000001,9
1997-12-09,Q3,0.5700000000000001,137.16666666666666,1.97,5.4383333333333335,25
1998-02-10,Q3,0.92125,105.33333333333333,2.9055555555555554,7.921111111111111,6.5
1998-04-14,Q3,0.8722222222222222,68.5,2.1555555555555554,5.381111111111111,14.666666666666668
1998-06-16,Q3,0.8628571428571429,117.33333333333333,2.557142857142857,7.172857142857143,19.75
1998-08-18,Q3,0.8415384615384616,160.08333333333331,2.2984615384615386,6.234615384615385,7
1998-10-20,Q3,1.2477777777777777,465,2.658888888888889,8.01,6.666666666666667
1998-12-22,Q3,1.0622222222222222,389.55555555555554,2.8877777777777776,7.607777777777778,18.25
1999-02-23,Q3,0.9244444444444444,237.77777777777777,3.367777777777778,8.507777777777779,7.5
1999-04-27,Q3,0.9744444444444444,155,3.2688888888888887,8.278888888888888,NA
1999-06-29,Q3,0.8866666666666667,158.88888888888889,2.736666666666667,7.142222222222222,7.4
1999-08-31,Q3,0.7633333333333333,169.88888888888889,2.66,6.915555555555556,7.5
1999-11-02,Q3,0.7933333333333333,228.88888888888889,2.9255555555555555,7.793333333333333,5
2000-01-04,Q3,0.8633333333333333,182,3.1444444444444444,9.115555555555556,9
2000-03-07,Q3,0.7233333333333334,127.625,3.522222222222222,9.056666666666667,NA
2000-05-09,Q3,0.6711111111111111,106.55555555555556,3.0433333333333334,7.355555555555555,7
2000-07-11,Q3,0.68,102.88888888888889,3.121111111111111,7.516666666666667,23
2000-09-12,Q3,0.7177777777777777,132.22222222222223,2.6844444444444444,7.142222222222222,10
2000-11-14,Q3,0.7144444444444444,167.5,3.062222222222222,8.106666666666666,NA
2001-01-16,Q3,0.7111111111111111,129.88888888888889,3.2888888888888888,8.382222222222223,10
2001-03-20,Q3,0.7244444444444444,84.88888888888889,2.971111111111111,8.525555555555556,6
2001-05-22,Q3,0.77,100.11111111111111,3.2422222222222223,9.55,37.5
2001-07-24,Q3,0.74625,86,3.1575,8.8375,NA
2001-09-25,Q3,0.7822222222222223,132.77777777777777,2.971111111111111,8.25,15
2001-11-27,Q3,0.6911111111111111,160,2.7333333333333334,7.474444444444444,8
2002-01-29,Q3,0.7533333333333333,154.33333333333334,3.1744444444444446,8.28,6
2002-04-02,Q3,0.7466666666666667,96.25,2.6444444444444444,7.232222222222222,6
2002-06-04,Q3,0.6844444444444444,110.11111111111111,3.1777777777777776,8.175555555555556,7.166666666666667
2002-08-06,Q3,0.64,113.88888888888889,3.147777777777778,7.631111111111111,7.5
2002-10-08,Q3,0.6233333333333333,108.44444444444444,2.89,7.211111111111111,5.75
2002-12-10,Q3,0.7366666666666667,130.66666666666666,2.74,6.888888888888888,15
2003-02-11,Q3,0.6544444444444445,97.88888888888889,3.418888888888889,8.475555555555555,6
2003-04-15,Q3,0.7055555555555556,114.22222222222223,2.5155555555555558,6.3966666666666665,7.2
2003-06-17,Q3,0.7644444444444445,124.44444444444444,3.0255555555555556,7.566666666666666,6.75
2003-08-19,Q3,0.6711111111111111,123.77777777777777,2.4033333333333333,6.865555555555556,9.571428571428571
2003-10-21,Q3,0.7444444444444445,140.22222222222223,2.5344444444444445,6.863333333333333,9
2003-12-23,Q3,0.7455555555555555,129.375,2.8166666666666664,7.434444444444445,7.666666666666667
2004-02-24,Q3,0.7511111111111111,102.88888888888889,2.712222222222222,7.605555555555555,7.5
2004-04-27,Q3,0.8877777777777778,104.22222222222223,2.6055555555555556,8.287777777777778,7.333333333333333
2004-06-29,Q3,0.9566666666666667,117.42857142857143,3.5033333333333334,9.2155555555555555,16
2004-08-31,Q3,0.7744444444444445,118.57142857142857,2.741111111111111,7.837777777777778,16
2004-11-02,Q3,0.8544444444444445,109.375,2.6233333333333335,7.011111111111111,23
2005-01-04,Q3,0.6077777777777778,121.11111111111111,2.991111111111111,7.775555555555556,NA
2005-03-08,Q3,0.6322222222222222,87.77777777777777,3.1755555555555555,7.864444444444445,11.666666666666666
2005-05-10,Q3,0.7988888888888889,86.625,2.7733333333333334,7.402222222222222,10.333333333333334
2005-07-12,Q3,0.6044444444444445,88.375,2.8822222222222225,7.044444444444444,8
2005-09-13,Q3,0.63,106,2.5211111111111113,6.211111111111111,14
2005-11-15,Q3,0.595,116.875,2.5355555555555553,7.0112499999999995,7
2006-01-17,Q3,0.6666666666666666,118.77777777777777,2.867777777777778,7.156666666666667,NA
2006-03-21,Q3,0.6722222222222223,69,3.0233333333333334,7.101111111111111,NA
2006-05-23,Q3,0.8099999999999999,114.77777777777777,2.8755555555555556,7.7,6
2006-07-25,Q3,0.711111111111111,117.125,3.106666666666667,7.51,7
2006-09-26,Q3,0.6811111111111111,90.5,2.68,6.776666666666666,8.25
2006-11-28,Q3,0.7233333333333333,104.55555555555556,3.0544444444444445,7.357777777777778,5
2007-01-30,Q3,0.71,77,3.5444444444444443,8.057777777777778,6.333333333333333
2007-04-03,Q3,0.6788888888888889,63.857142857142854,2.9277777777777776,7.053333333333334,15.333333333333332
2007-06-05,Q3,0.7077777777777777,75.22222222222223,3.3066666666666666,7.483333333333333,6
2007-08-07,Q3,0.6933333333333334,84.22222222222223,3.152222222222222,7.181111111111111,13.2
2007-10-09,Q3,0.5977777777777777,128.88888888888889,2.882222222222222,6.66125,11
2007-12-11,Q3,0.6928571428571428,103.14285714285714,3.4614285714285713,7.555714285714286,10.666666666666666
2008-02-12,Q3,0.68,70.44444444444444,3.5411111111111113,7.883333333333333,9.2
2008-04-15,Q3,0.7011111111111111,54.111111111111114,3.243333333333333,7.342222222222222,14
2008-06-17,Q3,0.71125,82.75,3.7975,7.72,6
2008-08-19,Q3,0.7455555555555556,77.66666666666667,3.051111111111111,6.734444444444445,12.5
2008-10-21,Q3,0.57,99.55555555555556,3.5633333333333335,7.587777777777778,15
2008-12-23,Q3,0.6344444444444445,82.5,3.4522222222222223,7.32,13
2009-02-24,Q3,0.6855555555555556,55.125,3.818888888888889,7.952222222222222,NA
2009-04-28,Q3,0.77,68.55555555555556,3.048888888888889,7.301111111111111,NA
2009-06-30,Q3,0.7244444444444444,84.22222222222223,3.1044444444444443,7.387777777777778,13.5
2009-09-01,Q3,0.7277777777777777,84.22222222222223,3.0122222222222224,7.355555555555555,22.5
2009-11-03,Q3,0.7266666666666667,82.77777777777777,2.9844444444444442,7.171111111111111,18
2010-01-05,Q3,0.65,82,2.918888888888889,7.445555555555555,29
2010-03-09,Q3,0.6577777777777778,79.77777777777777,2.78,7.2877777777777775,13
2010-05-11,Q3,0.6244444444444445,67.66666666666667,2.6666666666666665,6.652222222222222,16
2010-07-13,Q3,0.69125,113.875,2.79625,7.04,14
2010-09-14,Q3,0.9188888888888889,141.44444444444446,2.8422222222222224,6.995555555555556,NA
2010-11-16,Q3,0.6922222222222222,84,3.06,7.166666666666667,18.5
2011-01-18,Q3,0.6122222222222222,66.5,3.2866666666666666,7.8277777777777775,13
2011-03-22,Q3,0.5922222222222222,48.666666666666664,2.9844444444444442,7.221111111111111,11
2011-05-24,Q3,0.6233333333333333,58.55555555555556,2.6155555555555554,6.492222222222222,NA
2011-07-26,Q3,0.63625,62,2.35375,6.25125,5
2011-09-27,Q3,0.6511111111111111,104.85714285714286,2.9344444444444444,7.5344444444444445,7.333333333333333
2011-11-29,Q3,0.6788888888888889,119.55555555555556,2.8577777777777778,7.981111111111111,8
2012-01-31,Q3,0.6122222222222222,54.666666666666664,3.1666666666666665,7.5600000000000005,39.5
2012-04-03,Q3,0.6377777777777778,30,2.8022222222222224,6.996666666666667,6.333333333333333
2012-06-05,Q3,0.585,55.625,2.97,8.245,16
2012-08-07,Q3,0.6033333333333333,74.5,2.9988888888888887,7.618888888888889,NA
2012-10-09,Q3,0.5833333333333334,34,2.5844444444444443,6.503333333333333,5
2012-12-11,Q3,0.6622222222222223,87.8,3.0255555555555556,7.596666666666667,26
2013-02-12,Q3,0.6377777777777778,64.28571428571429,2.9855555555555555,7.3677777777777775,NA
2013-04-16,Q3,0.5955555555555556,37,2.827777777777778,6.474444444444444,NA
2013-06-18,Q3,0.4775,34.5,2.6725,6.48625,7
2013-08-20,Q3,0.45571428571428574,107.66666666666667,2.7985714285714285,6.651428571428571,8
2013-10-22,Q3,0.611111111111111,86.875,2.59,6.676666666666667,11
2013-12-24,Q3,0.6955555555555556,104.71428571428571,2.96,6.857777777777778,11.5
2014-02-25,Q3,0.705,80.2,3.68375,8,6
2014-04-29,Q3,0.6933333333333334,45.166666666666664,3.2844444444444445,7.2155555555555555,6
2014-07-01,Q3,0.8111111111111111,100.33333333333333,3.526666666666667,8.311111111111112,7.6
2014-09-02,Q3,0.6455555555555555,88.875,3.3022222222222224,7.307777777777778,7
2014-11-04,Q3,0.6366666666666667,63.375,2.79,6.614444444444445,28
2015-01-06,Q3,0.635,111,3.25,7.465,NA
2015-03-10,Q3,0.7688888888888888,78.2,3.6666666666666665,7.952222222222223,6
2015-05-12,Q3,0.7333333333333333,86,3.9644444444444447,8.562222222222223,5
2015-07-14,Q3,0.7344444444444445,119.85714285714286,3.6166666666666667,8.474444444444444,25
2015-09-15,Q3,0.6744444444444444,68.16666666666667,3.3633333333333333,7.973333333333334,7.6
2015-11-17,Q3,0.7055555555555556,109,3.3266666666666667,7.588888888888889,7.666666666666667
2016-01-19,Q3,0.7633333333333333,107.14285714285714,3.381111111111111,8.12,6
2016-03-22,Q3,0.7322222222222222,73.66666666666667,3.328888888888889,7.592222222222222,11.5
2016-05-24,Q3,0.69,81,3.098888888888889,7.295555555555556,7.5
2016-07-26,Q3,0.7222222222222222,99.11111111111111,2.83,7.383333333333334,5
2016-09-27,Q3,0.7022222222222222,117.44444444444444,3.022222222222222,7.5488888888888885,NA
2016-11-29,Q3,0.7166666666666667,128.22222222222223,2.7455555555555553,7.053333333333334,NA
2017-01-31,Q3,0.7455555555555555,131.33333333333334,3.2544444444444443,7.922222222222222,NA
2017-04-04,Q3,0.7266666666666667,68.6,2.667777777777778,7.355555555555555,8
2017-06-06,Q3,0.6144444444444445,81.5,2.7622222222222224,6.708888888888889,9
2017-08-08,Q3,0.73,113.25,2.945,7.285,NA
2017-10-10,Q3,1.45,447.6,2.992,7.942,6
2017-12-12,Q3,1.2744444444444445,397.4,3.057777777777778,8.524444444444445,6
2018-02-13,Q3,1.1122222222222222,270.6666666666667,3.0533333333333332,8.091111111111111,8
2018-04-17,Q3,1.1011111111111112,180,3,7.513333333333334,8.333333333333334
2018-06-19,Q3,1.0033333333333334,183,3.1666666666666665,8.171111111111111,7
2018-08-21,Q3,0.9916666666666667,161.6,3.0566666666666666,7.121666666666667,NA
2018-10-23,Q3,0.9183333333333333,202,2.9883333333333333,7.266666666666667,18
2018-12-25,Q3,0.85,101.6,3.425,7.547499999999999,7
2019-02-26,Q3,0.8744444444444445,151.85714285714286,3.4033333333333333,7.604444444444445,9
2019-04-30,Q3,0.7577777777777778,123.57142857142857,3.281111111111111,7.177777777777778,6
2019-07-02,Q3,0.7611111111111112,96.28571428571429,2.988888888888889,7.221111111111111,7
2019-09-03,Q3,0.6633333333333333,148.83333333333334,3.022222222222222,6.798888888888889,8.4
2019-11-05,Q3,0.7777777777777778,199.125,2.7911111111111113,6.898888888888889,NA
2020-01-07,Q3,0.7044444444444444,201.66666666666666,2.551111111111111,7.144444444444445,8
2020-03-10,Q3,0.76,172,3.3,6.6850000000000005,NA
2020-05-12,Q3,0.76,121,1.86,5.33,19
2020-07-14,Q3,0.7085714285714285,122.14285714285714,2.7385714285714284,7.297142857142857,9.25
2020-09-15,Q3,0.70375,175.875,2.8375,7.13125,9.333333333333334
2020-11-17,Q3,0.7128571428571429,204,3.2085714285714286,7.4471428571428575,9
1989-05-16,MPR,0.6855555555555556,59.625,1.96,6.363333333333333,NA
1989-07-18,MPR,0.6614285714285714,73.71428571428571,1.5783333333333334,5.571428571428571,NA
1989-09-19,MPR,1.21,273.8,2.194,7.208,NA
1989-11-21,MPR,0.8825000000000001,112.71428571428571,2.572857142857143,5.968571428571429,NA
1990-01-23,MPR,1.0688888888888888,209.22222222222223,2.106666666666667,6.514444444444444,NA
1990-03-27,MPR,1.0077777777777777,143.33333333333334,2.152222222222222,6.376666666666667,NA
1990-05-29,MPR,0.9544444444444444,187,2.002222222222222,6.111111111111112,NA
1990-07-31,MPR,0.8522222222222222,131.88888888888889,2.1422222222222222,6.53125,NA
1990-10-02,MPR,0.77,126.125,1.9877777777777779,5.95,NA
1990-12-04,MPR,0.6533333333333333,136.75,2.1144444444444446,5.413333333333333,NA
1991-02-05,MPR,0.8922222222222222,121.625,1.9511111111111112,5.164444444444444,NA
1991-04-09,MPR,0.77,50.25,0.9285714285714285,6.5725,NA
1991-06-11,MPR,0.7728571428571429,58.33333333333333,1.61625,6.671428571428572,NA
1991-08-13,MPR,0.8411111111111111,80.42857142857143,2.61,7.221111111111111,NA
1991-10-15,MPR,0.72125,118.88888888888889,1.975,6.38375,NA
1991-12-17,MPR,0.7444444444444445,128.11111111111111,1.9277777777777778,6.695555555555555,NA
1992-02-18,MPR,0.9533333333333334,108.375,2.8133333333333335,7.837777777777778,NA
1992-04-21,MPR,0.8288888888888889,54.375,1.8177777777777777,6.421111111111111,NA
1992-06-23,MPR,0.7744444444444444,38.111111111111114,2.088888888888889,7.015555555555555,NA
1992-08-25,MPR,0.8466666666666667,52.55555555555556,2.39,7.3500000000000005,NA
1992-10-27,MPR,0.70625,33.57142857142857,1.77125,5.8575,NA
1992-12-29,MPR,0.7255555555555555,NA,1.9188888888888889,6.471111111111111,NA
1993-03-02,MPR,0.8055555555555556,81.33333333333333,2.371111111111111,7.401111111111111,NA
1993-05-04,MPR,0.8555555555555555,42,1.9933333333333334,6.633333333333333,NA
1993-07-06,MPR,0.7675,63,2.01,6.88375,NA
1993-09-07,MPR,0.7211111111111111,49.111111111111114,1.9766666666666666,6.448888888888889,NA
1993-11-09,MPR,0.6577777777777778,28.833333333333332,1.6811111111111112,6.277777777777778,NA
1994-01-11,MPR,0.5700000000000001,6.333333333333333,1.6344444444444444,6.0055555555555555,NA
1994-03-15,MPR,0.7277777777777777,18.5,2.2044444444444444,6.87,NA
1994-05-17,MPR,0.8633333333333333,19.625,2.3433333333333333,7.158888888888889,NA
1994-07-19,MPR,0.8666666666666667,119,2.5,7.464444444444444,NA
1994-09-20,MPR,0.7844444444444444,NA,1.8944444444444444,6.312222222222222,NA
1994-11-22,MPR,0.6855555555555556,43,2.1277777777777778,6.805555555555555,NA
1995-01-24,MPR,0.6900000000000001,NA,2.0966666666666667,6.748888888888889,NA
1995-03-28,MPR,0.7733333333333333,NA,2.2916666666666665,7.08,NA
1995-05-30,MPR,0.666,NA,2.232,6.942,NA
1995-08-01,MPR,NA,NA,NA,NA,NA
1995-10-03,MPR,NA,NA,NA,NA,NA
1995-12-05,MPR,0.7316666666666667,NA,1.9316666666666666,6.423333333333334,NA
1996-02-06,MPR,0.8111111111111111,NA,2.5555555555555554,7.8822222222222225,NA
1996-04-09,MPR,0.78625,NA,2.0275,6.72375,NA
1996-06-11,MPR,0.7614285714285715,79,2.1914285714285713,7.182857142857143,NA
1996-08-13,MPR,0.7424999999999999,NA,2.20625,6.94125,NA
1996-10-15,MPR,0.7222222222222222,162.66666666666666,1.8511111111111112,6.171111111111111,NA
1996-12-17,MPR,0.7428571428571429,115.71428571428571,1.7914285714285714,6.545714285714285,NA
1997-02-18,MPR,0.8444444444444444,98.625,2.2244444444444444,8.2844444444444445,NA
1997-04-22,MPR,0.8914285714285715,132.42857142857142,1.7614285714285713,6.825714285714286,NA
1997-06-24,MPR,0.7155555555555555,88,2.1544444444444446,6.197777777777778,NA
1997-08-26,MPR,0.62,57.75,1.758888888888889,6.575555555555556,6.5
1997-10-28,MPR,0.785,57.142857142857146,2.051,7.34,25.75
1997-12-30,MPR,0.66875,62.142857142857146,1.795,5.8149999999999995,30.571428571428573
1998-03-03,MPR,0.82125,35.285714285714285,1.84,6.6625,9
1998-05-05,MPR,0.7877777777777778,74.375,1.557777777777778,5.72875,14
1998-07-07,MPR,0.73,75.72727272727272,2.231818181818182,6.662,14.5
1998-09-08,MPR,1.1841666666666666,162.83333333333331,1.9341666666666666,7.199090909090909,12
1998-11-10,MPR,1.0875,376.875,2.04375,6.53375,7.25
1999-01-12,MPR,1.0622222222222222,178,3.5877777777777777,7.685555555555555,13.833333333333332
1999-03-16,MPR,1.0244444444444445,131,2.4811111111111113,8.207777777777778,11.857142857142858
1999-05-18,MPR,1.0355555555555556,111.14285714285714,2.03,7.113333333333333,7.5
1999-07-20,MPR,0.78625,127.75,1.8775,6.51625,7
1999-09-21,MPR,0.77,166.11111111111111,1.8322222222222222,6.371111111111111,7.166666666666667
1999-11-23,MPR,0.5955555555555555,154.66666666666666,1.7844444444444445,6.601111111111111,7.75
2000-01-25,MPR,0.587,84,2.013,6.96,9.2
2000-03-28,MPR,0.68,55.77777777777778,2.33,7.252222222222223,7.333333333333333
2000-05-30,MPR,0.667,66.8,1.968,6.448,8.571428571428571
2000-08-01,MPR,0.7366666666666667,74.22222222222223,1.8955555555555554,6.336666666666667,7.666666666666667
2000-10-03,MPR,0.7,93.33333333333333,1.8422222222222222,6.2877777777777775,10
2000-12-05,MPR,0.72625,105,2.1350000000000002,7.18875,9.833333333333334
2001-02-06,MPR,0.7655555555555555,59.111111111111114,2.398888888888889,8.133333333333333,7.714285714285714
2001-04-10,MPR,0.7,47.22222222222222,1.8033333333333335,6.963333333333333,7
2001-06-12,MPR,0.763,52.1,2.084,7.83,7
2001-08-14,MPR,0.7677777777777778,53.888888888888886,1.9644444444444444,7.116666666666667,7
2001-10-16,MPR,0.674,91,1.787,6.45,12.25
2001-12-18,MPR,0.7088888888888889,124.22222222222223,2.042222222222222,7.134444444444444,9
2002-02-19,MPR,0.7288888888888889,72.22222222222223,1.988888888888889,6.852222222222222,9.166666666666666
2002-04-23,MPR,0.6511111111111111,50.75,1.728888888888889,6.348888888888889,7.428571428571429
2002-06-25,MPR,0.7255555555555555,63.55555555555556,2.207777777777778,7.228888888888889,10.444444444444445
2002-08-27,MPR,0.6444444444444444,74.88888888888889,1.8444444444444443,6.222222222222222,7.5
2002-10-29,MPR,0.6366666666666667,84.66666666666667,1.8722222222222222,6.227777777777778,9.428571428571429
2002-12-31,MPR,0.56875,83.66666666666667,1.61875,5.52875,8.833333333333334
2003-03-04,MPR,0.6255555555555555,54.22222222222222,2.2266666666666666,7.351111111111111,8.2
2003-05-06,MPR,0.6844444444444444,46.333333333333336,1.9644444444444444,5.871111111111111,8
2003-07-08,MPR,0.7677777777777778,72.55555555555556,1.8955555555555557,6.726666666666667,13
2003-09-09,MPR,0.6811111111111111,91.77777777777777,1.9233333333333333,6.547777777777777,9
2003-11-11,MPR,0.5977777777777777,98.11111111111111,1.7722222222222221,5.707777777777777,8.5
2004-01-13,MPR,0.6988888888888889,82.375,2.0633333333333335,6.673333333333333,16.5
2004-03-16,MPR,0.6333333333333333,38.5,1.6133333333333333,5.983333333333333,6.5
2004-05-18,MPR,0.7922222222222223,68.77777777777777,1.8888888888888888,6.651111111111111,13
2004-07-20,MPR,0.7322222222222222,59.75,1.9011111111111112,6.312222222222222,10
2004-09-21,MPR,0.9111111111111111,82.22222222222223,1.9211111111111112,6.857777777777778,14.333333333333334
2004-11-23,MPR,0.6033333333333333,82.25,1.7044444444444444,6.052222222222222,5.5
2005-01-25,MPR,0.5766666666666667,68.33333333333333,2.022222222222222,6.956666666666667,10
2005-03-29,MPR,0.6166666666666667,72.33333333333333,1.7266666666666666,5.833333333333333,28.6
2005-05-31,MPR,0.67,55.111111111111114,1.9744444444444444,6.162222222222222,9
2005-08-02,MPR,0.5877777777777777,57.75,1.73,5.807777777777778,12.666666666666666
2005-10-04,MPR,0.5644444444444444,74.125,1.6644444444444444,5.5344444444444445,8
2005-12-06,MPR,0.5444444444444445,72.375,1.758888888888889,6.001111111111111,12.666666666666666
2006-02-07,MPR,0.5911111111111111,68.11111111111111,1.9677777777777776,6.227777777777778,9
2006-04-11,MPR,0.6377777777777778,46.666666666666664,2.0355555555555553,6.134444444444444,7
2006-06-13,MPR,0.6488888888888888,69.25,1.8811111111111112,6.203333333333333,8.75
2006-08-15,MPR,0.6366666666666666,53.714285714285715,1.761111111111111,5.958888888888889,15.5
2006-10-17,MPR,0.6355555555555555,69.33333333333333,1.768888888888889,5.975555555555555,7.75
2006-12-19,MPR,0.6666666666666666,83.44444444444444,2.0455555555555556,6.607777777777778,8
2007-02-20,MPR,0.7188888888888889,58.777777777777786,2.2911111111111113,6.85,7.888888888888889
2007-04-24,MPR,0.6555555555555556,51.375,1.988888888888889,6.27,9.4
2007-06-26,MPR,0.6722222222222223,48.77777777777778,1.8666666666666667,5.946666666666666,9.285714285714286
2007-08-28,MPR,0.59,78.66666666666667,2.021111111111111,6.45,7
2007-10-30,MPR,0.52,107.625,1.5677777777777777,5.3822222222222225,12.4
2008-01-01,MPR,0.63875,63.42857142857143,2.0025,6.55375,10
2008-03-04,MPR,0.6877777777777778,61.125,2.214444444444444,6.947777777777778,8.333333333333334
2008-05-06,MPR,0.64875,38.875,2.0425,6.3375,6
2008-07-08,MPR,0.6288888888888889,61.111111111111114,2.132222222222222,6.1000000000000005,13
2008-09-09,MPR,0.545,74.5,1.9689999999999999,5.946,13
2008-11-11,MPR,0.5414285714285715,69,1.78,6.037142857142857,18
2009-01-13,MPR,0.6188888888888889,57.5,2.31,6.794444444444444,18
2009-03-17,MPR,0.6711111111111111,39.375,1.9166666666666665,6.394444444444445,5
2009-05-19,MPR,0.6766666666666666,53.55555555555556,1.982222222222222,6.391111111111111,15
2009-07-21,MPR,0.7244444444444444,65,1.8955555555555554,6.234444444444445,8.2
2009-09-22,MPR,0.66,66.66666666666667,1.8444444444444443,5.952222222222222,11.6
2009-11-24,MPR,0.6755555555555556,72.77777777777777,2.051111111111111,6.533333333333333,12.833333333333334
2010-01-26,MPR,0.6388888888888888,72.33333333333333,2.03,7.214444444444444,12.833333333333334
2010-03-30,MPR,0.49222222222222223,49.22222222222222,1.8511111111111112,5.871111111111111,11.857142857142858
2010-06-01,MPR,0.5044444444444445,49.55555555555556,1.6533333333333333,5.472222222222222,9.5
2010-08-03,MPR,0.60375,57.666666666666664,1.6412499999999999,5.56125,11.833333333333334
2010-10-05,MPR,0.5988888888888889,86.66666666666667,2.0366666666666666,6.153333333333333,22
2010-12-07,MPR,0.6333333333333333,52.75,2.1644444444444444,6.757777777777778,17.5
2011-02-08,MPR,0.55,39.333333333333336,1.9977777777777777,6.5,6.5
2011-04-12,MPR,0.5388888888888889,32.857142857142854,1.7722222222222221,5.942222222222222,21
2011-06-14,MPR,0.5222222222222223,49.857142857142854,1.521111111111111,5.137777777777778,13
2011-08-16,MPR,0.6075,93,1.70375,5.68125,8
2011-10-18,MPR,0.5655555555555556,98,1.6422222222222222,6.434444444444445,12
2011-12-20,MPR,0.61,62.375,2.174444444444444,7.268888888888888,11.666666666666666
2012-02-21,MPR,0.5566666666666666,36,1.8244444444444445,6.043333333333333,NA
2012-04-24,MPR,0.62,49,1.9344444444444444,6.387777777777778,17
2012-06-26,MPR,0.55375,68,1.68125,6.96,11.25
2012-08-28,MPR,0.6244444444444445,59.2,1.9877777777777779,6.566666666666666,5
2012-10-30,MPR,0.5688888888888889,49.6,1.771111111111111,5.851111111111111,14.333333333333334
2013-01-01,MPR,0.6333333333333333,73.25,1.8388888888888888,6.584444444444444,6
2013-03-05,MPR,0.62,54.57142857142857,1.7655555555555555,6.608888888888889,10
2013-05-07,MPR,0.47,18.833333333333332,1.52,5.054444444444444,NA
2013-07-09,MPR,0.3688888888888889,86,1.42,5.057777777777778,12
2013-09-10,MPR,0.4742857142857143,65.5,1.7028571428571428,5.961428571428572,10.25
2013-11-12,MPR,0.5355555555555556,58.833333333333336,1.6911111111111112,5.352222222222222,8
2014-01-14,MPR,0.6866666666666666,80.55555555555556,1.6955555555555555,6.664444444444444,9
2014-03-18,MPR,0.7055555555555555,44.8,2.1666666666666665,7.363333333333333,9.666666666666666
2014-05-20,MPR,0.7755555555555556,49.5,1.9566666666666666,6.657777777777778,24
2014-07-22,MPR,0.7075,68.75,1.8025,6.4225,8.25
2014-09-23,MPR,0.6488888888888888,84.14285714285714,1.711111111111111,6.1,10.666666666666666
2014-11-25,MPR,0.5877777777777777,55.857142857142854,1.8275000000000001,5.873333333333333,9
2015-01-27,MPR,0.6277777777777778,80.25,1.7766666666666666,6.243333333333333,8
2015-03-31,MPR,0.84875,52,2.32,7.31625,5
2015-06-02,MPR,0.83875,86.4,2.10875,7.41125,6
2015-08-04,MPR,0.7424999999999999,70.4,1.81,6.89625,8.5
2015-10-06,MPR,0.6266666666666667,63.8,1.5611111111111111,6.152222222222222,6
2015-12-08,MPR,0.65,77.16666666666667,1.9777777777777779,6.7877777777777775,6
2016-02-09,MPR,0.7188888888888889,70.42857142857143,2.111111111111111,6.8566666666666665,9
2016-04-12,MPR,0.5966666666666667,40.5,1.9244444444444444,6.286666666666667,12.333333333333334
2016-06-14,MPR,0.6511111111111111,44.5,1.8711111111111112,6.171111111111111,6.4
2016-08-16,MPR,0.6266666666666667,66.44444444444444,1.9677777777777776,6.35,5.333333333333333
2016-10-18,MPR,0.59,91.625,1.8511111111111112,6.064444444444445,6
2016-12-20,MPR,0.6488888888888888,78.625,1.8722222222222222,6.541111111111111,NA
2017-02-21,MPR,0.6977777777777778,71.55555555555556,1.8433333333333333,6.771111111111111,15
2017-04-25,MPR,0.6911111111111111,72.25,1.8166666666666667,6.363333333333333,8
2017-06-27,MPR,0.6533333333333333,61.857142857142854,1.9177777777777778,6.032222222222222,6
2017-08-29,MPR,1.01,238.5,1.7366666666666668,5.613333333333333,NA
2017-10-31,MPR,1.3742857142857143,359.57142857142856,2.0814285714285714,7.511428571428572,NA
2018-01-02,MPR,1.1657142857142857,356.2,1.9114285714285715,7.08,12
2018-03-06,MPR,0.93,99.71428571428572,1.94,7.08625,7
2018-05-08,MPR,0.9,125.14285714285714,1.89,6.684444444444445,17
2018-07-10,MPR,0.84,83.16666666666667,1.885,7.09625,11.666666666666666
2018-09-11,MPR,0.7883333333333333,107.2,1.8633333333333333,6.233333333333333,6
2018-11-13,MPR,0.75,148.25,2.1950000000000003,7.023333333333333,12
2019-01-15,MPR,0.7666666666666666,78.5,2.227777777777778,6.801111111111111,5
2019-03-19,MPR,0.7633333333333333,89,2.1044444444444443,6.615555555555556,5
2019-05-21,MPR,0.7066666666666667,73.28571428571429,1.8699999999999999,6.096666666666667,12
2019-07-23,MPR,0.6888888888888889,70.6,1.81,5.842222222222222,9.333333333333334
2019-09-24,MPR,0.6222222222222222,90.42857142857143,1.8066666666666666,5.743333333333333,5
2019-11-26,MPR,0.63,127.625,1.7833333333333332,5.903333333333333,6.8
2020-01-28,MPR,0.63125,112,1.8275000000000001,5.9975,10
2020-03-31,MPR,NA,NA,NA,NA,NA
2020-06-02,MPR,0.61,54.5,1.525,5.77,7.333333333333333
2020-08-04,MPR,0.745,90,2.35,7.128,11.5
2020-10-06,MPR,0.6466666666666667,114.33333333333333,1.77,6.0744444444444445,11.4
2020-12-08,MPR,0.6325,113,1.9175,6.21,11
